S.No,Project_Name,District,Tehsil/Town,Year_Sanctioned,No._of_Floors,Building_Type,Structure_Type,Foundation_Type,Cost-per-Sqft,Total_Cost (in Millions),Cleaned_Year
0,GGPS Bagah Darra,Haripur,Khanpur (48),04/08/2016,1,Education,RCC,Raft,3800,16.43,2016
1,GPS Ranja,Haripur,Ghazi (47),07/27/2020,2,Education,RCC,Raft,3800,24.32,2020
2,GPS Sarrara,Haripur,Haripur (46),06/08/2020,2,Education,RCC,Raft,3800,24.74,2020
4,GGMS Pind Hashim Khan,Haripur,Haripur (46),11/26/2019,2,Education,RCC,Raft,3800,34.25,2019
5,GHS Kangra,Haripur,Khanpur (48),02/15/2018,2,Education,RCC,Raft,3800,19.48,2018
7,GGHS Chamba Pind,Haripur,Ghazi (47),07/28/2020,2,Education,RCC,Raft,3800,30.2,2020
9,GMS Thalikote,Haripur,Khanpur (48),10/04/2019,2,Education,RCC,Raft,3800,41.62,2019
10,GMS Kachi,Haripur,Haripur (46),08/24/2020,3,Education,RCC,Raft,4200,50.44,2020
11,GGHS Sarai Nimat Khan,Haripur,Haripur (46),04/07/2022,2,Education,RCC,Raft,3800,35,2022
12,GHS Derwash U/C Derwash,Haripur,Haripur (46),05/27/2021,2,Education,RCC,Raft,3800,33.73,2021
13,Reconstruction of GHS Karplian,Haripur,Haripur (46),03/18/2021,2,Education,RCC,Raft,3800,33.73,2021
14,Reconstruction of GHS Mang,Haripur,Ghazi (47),03/18/2021,2,Education,RCC,Raft,3800,42.18,2021
15,Service Delivery Centre at Haripur,Haripur,Haripur (46),05/14/2025,2,Revenue,RCC,Raft,4500,41.02,2025
16,Playground Ghazi,Haripur,Ghazi (47),12/31/2014,2,Sports,RCC,Raft,3800,20.63,2014
18,GHS Kundi U/C Kundi,Haripur,Haripur (46),04/06/2021,2,Education,RCC,Raft,3800,40.69,2021
20,GHS T-Township U/C Turbela,Haripur,Ghazi (47),10/04/2019,2,Education,RCC,Raft,3800,35.1,2019
23,BHU Kangra,Haripur,Khanpur (48),06/24/2019,3,Health,RCC,Raft,5200,55.94,2019
24,Upgradation of Category-D Hospital Ghazi,Haripur,Ghazi (47),10/14/2022,4,Health,RCC,Raft,3800,220.18,2022
25,Service Delivery Centre at Ghazi,Haripur,Ghazi (47),04/09/2020,2,Revenue,RCC,Raft,4500,35.76,2020
26,Renovation & Beautification of Catholic Ghazi,Haripur,Ghazi (47),01/18/2015,1,Religious,RCC,Raft,4500,2.99,2015
27,Peter Church Tarbela,Haripur,Ghazi (47),07/03/2015,1,Religious,RCC,Raft,4500,2.15,2015
28,Construction of Rescue 1122 Station,Haripur,Haripur (46),05/22/2015,3,Rehabilitation,RCC,Raft,4500,66.49,2015
29,Construction of Court Rooms,Haripur,Haripur (46),11/07/2015,2,Home Affairs,RCC,Raft,4500,35.69,2015
31,GGHS Kot Najibullah,Haripur,Haripur (46),11/19/2015,2,Education,RCC,Raft,3800,43.78,2015
33,GHS Khalabat No. 2,Haripur,Haripur (46),04/17/2016,2,Education,RCC,Raft,3800,41.33,2016
34,GGMS Kangra,Haripur,Haripur (46),06/29/2016,1,Education,RCC,Isolated,3200,28.03,2016
35,GMS Shah Maqsood,Haripur,Haripur (46),12/10/2016,1,Education,RCC,Strip,3100,29.3,2016
37,GGPS Chechian,Haripur,Ghazi (47),01/25/2017,1,Education,RCC,Raft,3800,17.07,2017
38,Govt Postgraduate College Haripur (Block-B),Haripur,Haripur (46),03/14/2017,2,Education,RCC,Raft,3800,64.66,2017
41,GHS Ali Khan,Haripur,Ghazi (47),09/16/2017,1,Education,RCC,Strip,3100,39.69,2017
42,GMS Sirkot,Haripur,Khanpur (48),04/11/2017,1,Education,RCC,Raft,3800,21.5,2017
43,GGPS Panian,Haripur,Ghazi (47),12/01/2018,1,Education,RCC,Isolated,3200,18.95,2018
44,GPS Hattar,Haripur,Ghazi (47),06/04/2018,1,Education,RCC,Strip,3100,16.7,2018
45,Civil Hospital Khanpur (OPD Block),Haripur,Khanpur (48),06/18/2018,2,Health,RCC,Raft,5200,91.4,2018
46,THQ Hospital Ghazi (Emergency Block),Haripur,Ghazi (47),08/27/2018,3,Health,RCC,Raft,5200,149.11,2018
47,DHQ Hospital Haripur (Trauma Centre),Haripur,Haripur (46),09/10/2018,3,Health,RCC,Raft,3800,197.98,2018
49,BHU Shah Maqsood,Haripur,Haripur (46),03/02/2019,1,Health,RCC,Strip,3500,34.44,2019
50,BHU Sirkot,Haripur,Haripur (46),05/16/2019,1,Health,RCC,Raft,5200,35.02,2019
51,BHU Barki,Haripur,Khanpur (48),08/07/2019,1,Health,RCC,Isolated,3400,31.09,2019
52,BHU Chechian,Haripur,Haripur (46),09/22/2019,1,Health,RCC,Strip,3500,28.45,2019
53,Tehsil Complex Khanpur,Haripur,Khanpur (48),05/12/2019,2,Revenue,RCC,Raft,4500,63.28,2019
54,Sub-Division Office Irrigation Haripur,Haripur,Haripur (46),01/29/2020,1,Revenue,RCC,Strip,4500,36.14,2020
55,District Accounts Office Haripur,Haripur,Haripur (46),03/16/2020,2,Revenue,RCC,Raft,4500,51.86,2020
56,Excise & Taxation Office Haripur,Haripur,Haripur (46),08/05/2020,1,Revenue,RCC,Strip,4500,46.44,2020
57,Police Station City Haripur,Haripur,Haripur (46),06/22/2020,2,Home Affairs,RCC,Raft,4500,46.69,2020
58,Police Station Khanpur,Haripur,Khanpur (48),09/15/2020,2,Home Affairs,RCC,Strip,3800,52.53,2020
59,Police Station Ghazi,Haripur,Ghazi (47),07/11/2020,2,Home Affairs,RCC,Raft,4500,48.11,2020
61,District Jail Haripur (Admin Block),Haripur,Haripur (46),02/25/2021,2,Home Affairs,RCC,Raft,4500,76.98,2021
62,Rescue 1122 Sub-Station Khanpur,Haripur,Khanpur (48),12/04/2021,2,Rehabilitation,RCC,Raft,4500,43.09,2021
63,Rescue 1122 Sub-Station Ghazi,Haripur,Ghazi (47),07/16/2021,1,Rehabilitation,RCC,Strip,4500,41.43,2021
64,XEN C&W District Office Haripur,Haripur,Haripur (46),08/30/2021,2,Rehabilitation,RCC,Raft,4500,47.24,2021
65,Agriculture Extension Office Haripur,Haripur,Haripur (46),10/18/2021,1,Agriculture,RCC,Strip,4500,27.4,2021
67,Livestock Development Office Ghazi,Haripur,Ghazi (47),01/24/2022,1,Agriculture,RCC,Strip,4500,15.83,2022
68,Sports Complex Haripur (Gymnasium),Haripur,Haripur (46),02/17/2022,1,Sports,RCC,Raft,2200,74.88,2022
69,Tehsil Sports Ground Khanpur,Haripur,Khanpur (48),03/28/2022,1,Sports,RCC,Strip,2200,20.61,2022
70,GHS Serai Niamat Khan,Haripur,Haripur (46),05/13/2022,1,Education,RCC,Raft,3100,38.5,2022
71,GGMS Pind Hashim Khan,Haripur,Khanpur (48),06/21/2022,1,Education,RCC,Isolated,3200,24.2,2022
72,GHS Tarbela (Sector-4),Haripur,Ghazi (47),08/15/2022,2,Education,RCC,Raft,3800,45.9,2022
73,GMS Kundi,Haripur,Haripur (46),07/09/2022,1,Education,RCC,Strip,3100,22.8,2022
74,GGPS Ahal Dara,Haripur,Ghazi (47),11/11/2022,1,Education,RCC,Isolated,3200,16.45,2022
76,GHS Ghazial,Haripur,Haripur (46),03/17/2023,2,Education,RCC,Raft,3800,42.6,2023
77,Civil Hospital KTS (Admin Block),Haripur,Haripur (46),05/26/2023,2,Health,RCC,Raft,5200,88.4,2023
78,BHU Serai Niamat Khan,Haripur,Haripur (46),07/14/2023,1,Health,RCC,Strip,3500,33.15,2023
79,BHU Jattipind,Haripur,Khanpur (48),09/29/2023,1,Health,RCC,Isolated,3800,29.8,2023
80,BHU Koka,Haripur,Ghazi (47),11/20/2023,1,Health,RCC,Strip,3500,31.4,2023
81,BHU Ladarmang,Haripur,Haripur (46),09/02/2024,1,Health,RCC,Raft,5200,36.25,2024
82,Judicial Complex Haripur (Session Blocks),Haripur,Haripur (46),04/23/2024,3,Law & Order,RCC,Raft,4500,165.8,2024
83,Sub-Divisional Complex Ghazi,Haripur,Ghazi (47),11/06/2024,2,Revenue,RCC,Raft,4500,59.2,2024
85,Police Post Kot Najibullah,Haripur,Haripur (46),07/10/2024,1,Home Affairs,RCC,Strip,4500,26.5,2024
86,Pakistan Digital City (Incubation Hub),Haripur,Haripur (46),12/16/2024,2,Technology,RCC,Raft,4500,120,2024
87,District Social Welfare Office Haripur,Haripur,Haripur (46),02/28/2025,1,Social Work,RCC,Strip,4500,34.1,2025
89,Rescue 1122 District HQ Haripur,Haripur,Haripur (46),07/22/2025,2,Emergency,RCC,Raft,4500,68.4,2025
